Kanji,Kana,Romaji,English,Part of Speech,Category,Subcategory,Example (JP),Example (Kana),Example (Romaji),Example (EN)
会う,あう,au,to meet,,general,,,,,
青い,あおい,aoi,blue,,general,,,,,
赤い,あかい,akai,red,,general,,,,,
明るい,あかるい,akarui,"light, bright",,general,,,,,
秋,あき,aki,"autumn, fall",,general,,,,,
開く,あく,aku,open,,general,,,,,
開ける,あける,akeru,to open,,general,,,,,
朝,あさ,asa,morning,,general,,,,,
朝ご飯,あさごはん,asagohan,breakfast,,general,,,,,
,あさって,asatte,the day after tomorrow,,general,,,,,
足,あし,ashi,"leg, foot",,general,,,,,
明日,あした,ashita,tomorrow,,general,,,,,
,あそこ,asoko,over there,,general,,,,,
遊ぶ,あそぶ,asobu,to play,,general,,,,,
温かい,あたたかい,atatakai,warm,,general,,,,,
頭,あたま,atama,head,,general,,,,,
新しい,あたらしい,atarashii,new,,general,,,,,
,あちら,achira,over there (polite),,general,,,,,
暑い,あつい,atsui,hot (air),,general,,,,,
厚い,あつい,atsui,thick,,general,,,,,
後,あと,ato,"later, after",,general,,,,,
貴方,あなた,anata,you,,general,,,,,
兄,あに,ani,older brother,,general,,,,,
姉,あね,ane,older sister,,general,,,,,
,あの,ano,that (over there),,general,,,,,
,あの,ano,"well, then",,general,,,,,
,アパート,apaato,apartment,,general,,,,,
浴びる,あびる,abiru,to take a shower,,general,,,,,
危ない,あぶない,abunai,dangerous,,general,,,,,
甘い,あまい,amai,sweet,,general,,,,,
,あまり,amari,not so,,general,,,,,
雨,あめ,ame,rain,,general,,,,,
洗う,あらう,arau,to wash,,general,,,,,
有る,ある,aru,"to be, to exist",,general,,,,,
,ある,aru,to possess,,general,,,,,
歩く,あるく,aruku,to walk,,general,,,,,
,あれ,are,that one,,general,,,,,
良い,いい / よい,"ii, yoi",good,,general,,,,,
,いいえ,iie,no,,general,,,,,
言う,いう,iu,"to say, to tell",,general,,,,,
家,いえ,ie,"house, home",,general,,,,,
行く,いく,iku,to go,,general,,,,,
,いくつ,ikutsu,"how many, how old",,general,,,,,
,いくら,ikura,how much,,general,,,,,
池,いけ,ike,pond,,general,,,,,
医者,いしゃ,isha,doctor,,general,,,,,
椅子,いす,isu,chair,,general,,,,,
忙しい,いそがしい,isogashii,to be busy,,general,,,,,
痛い,いたい,itai,to be painful,,general,,,,,
一,いち,ichi,one,,general,,,,,
一日,いちにち,ichinichi,one day,,general,,,,,
一番,いちばん,ichiban,"No. 1, the best, the first",,general,,,,,
,いつ,itsu,when,,general,,,,,
五日,いつか,itsuka,"the 5th day of the month, 5 days",,general,,,,,
一緒,いっしょ,issho,together,,general,,,,,
五つ,いつつ,itsutsu,five,,general,,,,,
,いつも,itsumo,always,,general,,,,,
今,いま,ima,now,,general,,,,,
意味,いみ,imi,meaning,,general,,,,,
妹,いもうと,imouto,someone’s younger sister,,general,,,,,
,いや,iya,"not likable, unpleasant",,general,,,,,
入口,いりぐち,iriguchi,entrance,,general,,,,,
入れる,いれる,ireru,"to insert, to put in",,general,,,,,
色,いろ,iro,color,,general,,,,,
色々,いろいろ,iroiro,various,,general,,,,,
上,うえ,ue,"top, on, above",,general,,,,,
後ろ,うしろ,ushiro,"back, rear, behind",,general,,,,,
薄い,うすい,usui,thin,,general,,,,,
歌,うた,uta,song,,general,,,,,
歌う,うたう,utau,to sing,,general,,,,,
内,うち,uchi,home,,general,,,,,
生まれる,うまれる,umareru,to be born,,general,,,,,
海,うみ,umi,sea,,general,,,,,
売る,うる,uru,to sell,,general,,,,,
上着,うわぎ,uwagi,"coat, jacket",,general,,,,,
絵,え,e,picture,,general,,,,,
映画,えいが,eiga,movie,,general,,,,,
映画館,えいがかん,eigakan,cinema,,general,,,,,
英語,えいご,eigo,English language,,general,,,,,
,ええ,ee,"Yes, I see",,general,,,,,
駅,えき,eki,station,,general,,,,,
,エレベータ,erebeeta,elevator,,general,,,,,
円,えん,en,Yen,,general,,,,,
鉛筆,えんぴつ,enpitsu,pencil,,general,,,,,
御,お,o,honorific prefix,,general,,,,,
美味しい,おいしい,oishii,"tasty, delicious",,general,,,,,
大きい,おおきい,ookii,big,,general,,,,,
お母さん,おかあさん,okaasan,my own mother,,general,,,,,
お菓子,おかし,okashi,"confectionary, cake",,general,,,,,
お金,おかね,okane,money,,general,,,,,
起きる,おきる,okiru,"to get up, to stand up",,general,,,,,
置く,おく,oku,"to put, to place",,general,,,,,
奥さん,おくさん,okusan,someone’s wife,,general,,,,,
送る,おくる,okuru,to send,,general,,,,,
お酒,おさけ,osake,"alcohol, sake",,general,,,,,
お皿,おさら,osara,plate,,general,,,,,
伯父さん,おじさん,ojisan,uncle,,general,,,,,
,おじいさん,ojiisan,grand father,,general,,,,,
押す,おす,osu,to push,,general,,,,,
遅い,おそい,osoi,"late, slow",,general,,,,,
お茶,おちゃ,ocha,tea,,general,,,,,
お手洗い,おてあらい,otearai,"toilet, lavatory",,general,,,,,
お父さん,おとうさん,otousan,father,,general,,,,,
弟,おとうと,otouto,someone’s younger brother,,general,,,,,
男,おとこ,otoko,man,,general,,,,,
男の子,おとこのこ,otokonoko,boy,,general,,,,,
一昨日,おととい,ototoi,the day before yesterday,,general,,,,,
一昨年,おととし,ototoshi,the year before last,,general,,,,,
大人,おとな,otona,adult,,general,,,,,
お腹,おなか,onaka,stomach,,general,,,,,
同じ,おなじ,onaji,same,,general,,,,,
お兄さん,おにいさん,oniisan,someone’s elder brother,,general,,,,,
お姉さん,おねえさん,oneesan,someone’s elder sister,,general,,,,,
伯母さん,おばさん,obasan,aunt,,general,,,,,
お弁当,おべんとう,obentou,lunchbox,,general,,,,,
覚える,おぼえる,oboeru,"to memorize, to remember",,general,,,,,
重い,おもい,omoi,heavy,,general,,,,,
面白い,おもしろい,omoshiroi,"interesting, funny",,general,,,,,
泳ぐ,およぐ,oyogu,to swim,,general,,,,,
降りる,おりる,oriru,to get off,,general,,,,,
終わる,おわる,owaru,to end,,general,,,,,
音楽,おんがく,ongaku,music,,general,,,,,
女,おんな,onna,woman,,general,,,,,
女の子,おんなのこ,onnanoko,girl,,general,,,,,
〜回,〜かい,~kai,~times,,general,,,,,
〜階,〜かい,~kai,~floor,,general,,,,,
外国,がいこく,gaikoku,foreign country,,general,,,,,
外国人,がいこくじん,gaikokujin,foreigner,,general,,,,,
会社,かいしゃ,kaisha,"company, enterprise",,general,,,,,
階段,かいだん,kaidan,stairs,,general,,,,,
買物,かいもの,kaimono,shopping,,general,,,,,
買う,かう,kau,to buy,,general,,,,,
返す,かえす,kaesu,to return an object,,general,,,,,
帰る,かえる,kaeru,to return home,,general,,,,,
顔,かお,kao,face,,general,,,,,
鍵,かぎ,kagi,key,,general,,,,,
書く,かく,kaku,to write,,general,,,,,
学生,がくせい,gakusei,student,,general,,,,,
〜か月,〜かげつ,~kagetsu,~ number of months,,general,,,,,
傘,かさ,kasa,umbrella,,general,,,,,
貸す,かす,kasu,to lend,,general,,,,,
風,かぜ,kaze,wind,,general,,,,,
風邪,かぜ,kaze,a cold,,general,,,,,
家族,かぞく,kazoku,family,,general,,,,,
方,かた,kata,person (polite),,general,,,,,
片仮名,かたかな,katakana,Katakana,,general,,,,,
一月,いちがつ,ichigatsu,January,,general,,,,,
二月,にがつ,nigatsu,February,,general,,,,,
三月,さんがつ,sangatsu,March,,general,,,,,
四月,しがつ,shigatsu,April,,general,,,,,
五月,ごがつ,gogatsu,May,,general,,,,,
六月,ろくがつ,rokugatsu,June,,general,,,,,
七月,しちがつ,shichigatsu,July,,general,,,,,
八月,はちがつ,hachigatsu,August,,general,,,,,
九月,くがつ,kugatsu,September,,general,,,,,
十月,じゅうがつ,juugatsu,October,,general,,,,,
十一月,じゅういちがつ,juuichigatsu,November,,general,,,,,
十二月,じゅうにがつ,juunigatsu,December,,general,,,,,
学校,がっこう,gakkou,school,,general,,,,,
角,かど,kado,corner,,general,,,,,
家内,かない,kanai,my wife,,general,,,,,
鞄,かばん,kaban,bag,,general,,,,,
花瓶,かびん,kabin,vase,,general,,,,,
冠る,かぶる,kaburu,to put on a hat,,general,,,,,
紙,かみ,kami,paper,,general,,,,,
,かめら,kamera,camera,,general,,,,,
火曜日,かようび,kayoubi,Tuesday,,general,,,,,
辛い,からい,karai,"hot, spicy",,general,,,,,
体,からだ,karada,body,,general,,,,,
借りる,かりる,kariru,to borrow,,general,,,,,
軽い,かるい,karui,light (not heavy),,general,,,,,
,カレンダー,karendaa,calendar,,general,,,,,
川,かわ,kawa,river,,general,,,,,
〜側,~がわ,~gawa,~side,,general,,,,,
可愛い,かわいい,kawaii,"cute, pretty",,general,,,,,
漢字,かんじ,kanji,Kanji character,,general,,,,,
木,き,ki,tree,,general,,,,,
黄色い,きいろい,kiiroi,yellow,,general,,,,,
消える,きえる,kieru,"to go out, to vanish",,general,,,,,
聞く,きく,kiku,"to hear, to listen, to ask",,general,,,,,
北,きた,kita,north,,general,,,,,
,ギター,gitaa,guitar,,general,,,,,
汚い,きたない,kitanai,dirty,,general,,,,,
喫茶店,きっさてん,kissaten,coffee shop,,general,,,,,
切手,きって,kitte,stamp,,general,,,,,
切符,きっぷ,kippu,ticket,,general,,,,,
昨日,きのう,kinou,yesterday,,general,,,,,
九,きゅう,kyuu,nine,,general,,,,,
牛肉,ぎゅうにく,gyuuniku,beef,,general,,,,,
牛乳,ぎゅうにゅう,gyuunyuu,milk,,general,,,,,
今日,きょう,kyou,today,,general,,,,,
教室,きょうしつ,kyoushitsu,class room,,general,,,,,
兄弟,きょうだい,kyoudai,siblings,,general,,,,,
去年,きょねん,kyonen,last year,,general,,,,,
嫌い,きらい,kirai,"unpleasant, not likable",,general,,,,,
切る,きる,kiru,to cut,,general,,,,,
着る,きる,kiru,"to wear, to put on",,general,,,,,
来る,くる,kuru,to come,,general,,,,,
,キロ,kiro,kg,,general,,,,,
,キロ,kiro,km,,general,,,,,
銀行,ぎんこう,ginkou,bank,,general,,,,,
金曜日,きんようび,kinyoubi,Friday,,general,,,,,
九,く,ku,nine,,general,,,,,
薬,くすり,kusuri,medicine,,general,,,,,
下さい,ください,kudasai,give me…,,general,,,,,
果物,くだもの,kudamono,fruit,,general,,,,,
口,くち,kuchi,mouth,,general,,,,,
靴,くつ,kutsu,shoe,,general,,,,,
靴下,くつした,kutsushita,socks,,general,,,,,
国,くに,kuni,country,,general,,,,,
曇り,くもり,kumori,cloudy weather,,general,,,,,
暗い,くらい,kurai,dark,,general,,,,,
,ぐらい,gurai,about,,general,,,,,
,クラス,kurasu,class,,general,,,,,
,グラム,guramu,gram,,general,,,,,
車,くるま,kuruma,car,,general,,,,,
黒い,くろい,kuroi,black,,general,,,,,
今朝,けさ,kesa,this morning,,general,,,,,
消す,けす,kesu,"to turn off, switch off",,general,,,,,
結婚,けっこん,kekkon,marriage,,general,,,,,
月曜日,げつようび,getsuyoubi,Monday,,general,,,,,
玄関,げんかん,genkan,entrance of a house,,general,,,,,
元気,げんき,genki,"vigor, health, vitality",,general,,,,,
〜個,〜こ,~ko,counter for small objects,,general,,,,,
五,ご,go,five,,general,,,,,
〜語,〜ご,~go,~ language,,general,,,,,
公園,こうえん,kouen,"park, large garden",,general,,,,,
交番,こうばん,kouban,police box,,general,,,,,
声,こえ,koe,voice,,general,,,,,
,コート,kooto,coat,,general,,,,,
,ここ,koko,here,,general,,,,,
午後,ごご,gogo,afternoon,,general,,,,,
九日,ここのか,kokonoka,"9th day of a month, 9 days",,general,,,,,
九つ,ここのつ,kokonotsu,nine,,general,,,,,
ご主人,ごしゅじん,goshujin,someone else’s husband,,general,,,,,
午前,ごぜん,gozen,"morning, a.m.",,general,,,,,
答える,こたえる,kotaeru,to answer,,general,,,,,
,こちら,kochira,"this side, this place",,general,,,,,
,コップ,koppu,"cup, glass",,general,,,,,
今年,ことし,kotoshi,this year,,general,,,,,
言葉,ことば,kotoba,"phrase, language",,general,,,,,
子供,こども,kodomo,child,,general,,,,,
,この,kono,this…,,general,,,,,
御飯,ごはん,gohan,"meal, cooked rice",,general,,,,,
困る,こまる,komaru,to be in trouble,,general,,,,,
,これ,kore,this,,general,,,,,
,ごろ,goro,around…,,general,,,,,
今月,こんげつ,kongetsu,this month,,general,,,,,
今週,こんしゅう,konshuu,this week,,general,,,,,
,こんな,konna,"this sort of, this kind of",,general,,,,,
今晩,こんばん,konban,this evening,,general,,,,,
,さあ,saa,well…,,general,,,,,
〜歳,〜さい,~sai,years old,,general,,,,,
魚,さかな,sakana,fish,,general,,,,,
先,さき,saki,"earlier, former",,general,,,,,
咲く,さく,saku,to blossom,,general,,,,,
作文,さくぶん,sakubun,composition,,general,,,,,
冊,〜さつ,~satsu,counter for books,,general,,,,,
雑誌,ざっし,zasshi,magazine,,general,,,,,
砂糖,さとう,satou,sugar,,general,,,,,
寒い,さむい,samui,cold,,general,,,,,
再来年,さらいねん,sarainen,the year after next year,,general,,,,,
三,さん,san,three,,general,,,,,
,〜さん,~san,"Mr., Mrs.",,general,,,,,
散歩,さんぽ,sanpo,to take a walk,,general,,,,,
四,し,shi,four,,general,,,,,
〜時,〜じ,~ji,o’clock,,general,,,,,
塩,しお,shio,salt,,general,,,,,
,しかし,shikashi,"however, but",,general,,,,,
時間,じかん,jikan,time,,general,,,,,
〜時間,〜じかん,~jikan,~hours (classificator),,general,,,,,
仕事,しごと,shigoto,work,,general,,,,,
辞書,じしょ,jisho,dictionary,,general,,,,,
静か,しずか,shizuka,quiet,,general,,,,,
下,した,shita,"under, below",,general,,,,,
質問,しつもん,shitsumon,question,,general,,,,,
自転車,じてんしゃ,jitensha,bicycle,,general,,,,,
自動車,じどうしゃ,jidousha,"car, vehicle",,general,,,,,
死ぬ,しぬ,shinu,"to die, to pas away",,general,,,,,
字引,じびき,jibiki,dictionary,,general,,,,,
自分,じぶん,jibun,oneself,,general,,,,,
閉まる,しまる,shimaru,to close,,general,,,,,
閉める,しめる,shimeru,to close,,general,,,,,
締める,しめる,shimeru,to fasten a seatbelt,,general,,,,,
,じゃ,ja,"well, then",,general,,,,,
写真,しゃしん,shashin,photo,,general,,,,,
,シャツ,shatsu,shirt,,general,,,,,
十,じゅう,juu,ten,,general,,,,,
~週間,〜しゅうかん,~shuukan,… weeks,,general,,,,,
授業,じゅぎょう,jugyou,"lesson, class",,general,,,,,
宿題,しゅくだい,shukudai,homework,,general,,,,,
上手,じょうず,jouzu,to be good at something,,general,,,,,
丈夫,じょうぶ,joubu,"to be strong, durable",,general,,,,,
醤油,しょうゆ,shouyu,soy sauce,,general,,,,,
食堂,しょくどう,shokudou,"dining room, canteen",,general,,,,,
知る,しる,shiru,to know,,general,,,,,
白い,しろい,shiroi,white,,general,,,,,
〜人,〜じん,~jin,"~an, ~ese (nationality)",,general,,,,,
新聞,しんぶん,shinbun,newspaper,,general,,,,,
水曜日,すいようび,suiyoubi,Wednesday,,general,,,,,
吸う,すう,suu,"to breathe, to smoke",,general,,,,,
,スカート,sukaato,skirt,,general,,,,,
好き,すき,suki,to like,,general,,,,,
〜過ぎ,〜すぎ,~sugi,"past, over",,general,,,,,
,すぐに,sugu ni,at once,,general,,,,,
少し,すこし,sukoshi,a little,,general,,,,,
涼しい,すずしい,suzushii,cool,,general,,,,,
,〜ずつ,~zutsu,each,,general,,,,,
,ストーブ,sutoobu,"stove, heater",,general,,,,,
,スプーン,supuun,spoon,,general,,,,,
,スポーツ,supootsu,sports,,general,,,,,
,ズボン,zubon,trousers,,general,,,,,
住む,すむ,sumu,"to live, to reside somewhere",,general,,,,,
,スリッパ,surippa,slipper,,general,,,,,
,する,suru,to do,,general,,,,,
座る,すわる,suwaru,to sit,,general,,,,,
背,せい,sei,height,,general,,,,,
生徒,せいと,seito,student,,general,,,,,
,セーター,seetaa,sweater,,general,,,,,
石鹸,せっけん,sekken,soap,,general,,,,,
背広,せびろ,sebiro,"jacket, suit",,general,,,,,
狭い,せまい,semai,narrow,,general,,,,,
,ゼロ,zero,zero,,general,,,,,
千,せん,sen,"1,000, thousand",,general,,,,,
先月,せんげつ,sengetsu,last month,,general,,,,,
先週,せんしゅう,senshuu,last week,,general,,,,,
先生,せんせい,sensei,teacher,,general,,,,,
洗濯,せんたく,sentaku,"washing, to wash",,general,,,,,
全部,ぜんぶ,zenbu,all,,general,,,,,
,そう,sou,so,,general,,,,,
掃除,そうじ,souji,to clean,,general,,,,,
,そうして,soushite,and then,,general,,,,,
,そこ,soko,there,,general,,,,,
,そちら,sochira,there (polite),,general,,,,,
外,そと,soto,outside,,general,,,,,
,その,sono,that…,,general,,,,,
,そば,soba,next to,,general,,,,,
空,そら,sora,sky,,general,,,,,
,それ,sore,that,,general,,,,,
,それから,sorekara,after that,,general,,,,,
,それでは,soredewa,"then, well",,general,,,,,
〜台,〜だい,~dai,counter for machines,,general,,,,,
大学,だいがく,daigaku,university,,general,,,,,
大使館,たいしかん,taishikan,embassy,,general,,,,,
大丈夫,だいじょうぶ,daijoubu,OK,,general,,,,,
大好き,だいすき,daisuki,to be very fond of,,general,,,,,
大切,たいせつ,taisetsu,very important,,general,,,,,
台所,だいどころ,daidokoro,kitchen,,general,,,,,
大変,たいへん,taihen,"very, serious",,general,,,,,
高い,たかい,takai,"high, expensive",,general,,,,,
沢山,たくさん,takusan,"many, much",,general,,,,,
,タクシー,takushii,taxi,,general,,,,,
出す,だす,dasu,"to take out, hand in",,general,,,,,
~達,〜たち,~tachi,"more than one, and others",,general,,,,,
立つ,たつ,tatsu,to stand,,general,,,,,
建物,たてもの,tatemono,building,,general,,,,,
楽しい,たのしい,tanoshii,"pleasant, enjoyable",,general,,,,,
頼む,たのむ,tanomu,"to ask, to request",,general,,,,,
,たばこ,tabako,cigarette,,general,,,,,
多分,たぶん,tabun,"perhaps, probably",,general,,,,,
食べ物,たべもの,tabemono,food,,general,,,,,
食べる,たべる,taberu,to eat,,general,,,,,
卵,たまご,tamago,egg,,general,,,,,
誰,だれ,dare,who?,,general,,,,,
誕生日,たんじょうび,tanjoubi,birthday,,general,,,,,
,だんだん,dandan,gradually,,general,,,,,
小さい,ちいさい,chiisai,small,,general,,,,,
近い,ちかい,chikai,"near, close",,general,,,,,
違う,ちがう,chigau,different,,general,,,,,
地下鉄,ちかてつ,chikatetsu,subway,,general,,,,,
地図,ちず,chizu,map,,general,,,,,
父,ちち,chichi,my father,,general,,,,,
茶色,ちゃいろ,chairo,brown,,general,,,,,
茶碗,ちゃわん,chawan,rice bowl,,general,,,,,
〜中,〜ちゅう,~chuu,in the middle of,,general,,,,,
,ちょうど,choudo,just,,general,,,,,
,ちょっと,chotto,a little,,general,,,,,
一日,ついたち,tsuitachi,the 1st day of a month,,general,,,,,
使う,つかう,tsukau,to use,,general,,,,,
疲れる,つかれる,tsukareru,to get tired,,general,,,,,
次,つぎ,tsugi,next,,general,,,,,
着く,つく,tsuku,to arrive,,general,,,,,
机,つくえ,tsukue,table,,general,,,,,
作る,つくる,tsukuru,"to make, to produce",,general,,,,,
点ける,つける,tsukeru,to turn on,,general,,,,,
勤める,つとめる,tsutomeru,to work for someone,,general,,,,,
詰らない,つまらない,tsumaranai,uninteresting,,general,,,,,
冷たい,つめたい,tsumetai,cold,,general,,,,,
強い,つよい,tsuyoi,strong,,general,,,,,
手,て,te,hand,,general,,,,,
,テープ,teepu,tape,,general,,,,,
,テープレコーダー,teepu rekoodaa,tape recorder,,general,,,,,
,テーブル,teeburu,table,,general,,,,,
出かける,でかける,dekakeru,to go out,,general,,,,,
手紙,てがみ,tegami,letter,,general,,,,,
出来る,できる,dekiru,can,,general,,,,,
出口,でぐち,deguchi,exit,,general,,,,,
,テスト,tesuto,test,,general,,,,,
,では,dewa,"then, well",,general,,,,,
,デパート,depaato,department store,,general,,,,,
,でも,demo,but,,general,,,,,
出ます,でます,demasu,to leave,,general,,,,,
,テレビ,terebi,TV,,general,,,,,
天気,てんき,tenki,weather,,general,,,,,
電気,でんき,denki,electricity,,general,,,,,
電車,でんしゃ,densha,train,,general,,,,,
電話,でんわ,denwa,phone,,general,,,,,
戸,と,to,door,,general,,,,,
〜度,〜ど,~do,"~times, ~degree",,general,,,,,
,ドア,doa,door,,general,,,,,
,トイレ,toire,"toilet, lavatory",,general,,,,,
,どう,dou,how?,,general,,,,,
,どうして,doushite,why?,,general,,,,,
,どうぞ,douzo,"please, here you are",,general,,,,,
動物,どうぶつ,doubutsu,animal,,general,,,,,
,どうも,doumo,thanks,,general,,,,,
十,とお,too,ten,,general,,,,,
遠い,とおい,tooi,far,,general,,,,,
十日,とおか,tooka,"the 10th day of a month, 10 days",,general,,,,,
時々,ときどき,tokidoki,sometimes,,general,,,,,
時計,とけい,tokei,"watch, clock",,general,,,,,
,どこ,doko,where?,,general,,,,,
所,ところ,tokoro,place,,general,,,,,
図書館,としょかん,toshokan,library,,general,,,,,
,どちら,dochira,"which, where (polite)",,general,,,,,
,とても,totemo,"very much, quiet",,general,,,,,
,どなた,donata,who (polite),,general,,,,,
隣り,となり,tonari,next to,,general,,,,,
,どの,dono,which?,,general,,,,,
飛ぶ,とぶ,tobu,to fly,,general,,,,,
止まる,とまる,tomaru,to stop,,general,,,,,
友達,ともだち,tomodachi,friend,,general,,,,,
土曜日,どようび,doyoubi,Saturday,,general,,,,,
鳥,とり,tori,bird,,general,,,,,
鶏肉,とりにく,toriniku,chicken meat,,general,,,,,
取る,とる,toru,to take,,general,,,,,
撮る,とる,toru,to take a photo,,general,,,,,
,どれ,dore,which?,,general,,,,,
,どんな,donna,what kind of?,,general,,,,,
,ナイフ,naifu,knife,,general,,,,,
中,なか,naka,inside,,general,,,,,
長い,ながい,nagai,long,,general,,,,,
鳴く,なく,naku,"to sing, mew, moo",,general,,,,,
夏,なつ,natsu,summer,,general,,,,,
夏休み,なつやすみ,natsuyasumi,summer vacation,,general,,,,,
,〜など,~nado,and so on,,general,,,,,
七つ,ななつ,nanatsu,seven,,general,,,,,
何,なに,nani,what?,,general,,,,,
七日,なのか,nanoka,"the 7th of a month, 7 days",,general,,,,,
名前,なまえ,namae,name,,general,,,,,
習う,ならう,narau,to learn,,general,,,,,
並ぶ,ならぶ,narabu,to form a line,,general,,,,,
並べる,ならべる,naraberu,to line up,,general,,,,,
二,に,ni,two,,general,,,,,
賑やか,にぎやか,nigiyaka,lively,,general,,,,,
お肉,おにく,oniku,meat,,general,,,,,
西,にし,nishi,west,,general,,,,,
〜日,〜にち,~nichi,"…st, ..nd, ..th",,general,,,,,
日曜日,にちようび,nichiyoubi,Sunday,,general,,,,,
荷物,にもつ,nimotsu,luggage,,general,,,,,
,ニュース,nyuusu,news,,general,,,,,
庭,にわ,niwa,garden,,general,,,,,
〜人,~にん,~nin,… people,,general,,,,,
脱ぐ,ぬぐ,nugu,to take off clothes,,general,,,,,
,ネクタイ,nekutai,necktie,,general,,,,,
寝る,ねる,neru,to go to bed,,general,,,,,
〜年,〜ねん,~nen,~years,,general,,,,,
,ノート,nooto,notebook,,general,,,,,
登る,のぼる,noboru,to climb up,,general,,,,,
飲物,のみもの,nomimono,drinks,,general,,,,,
飲む,のむ,nomu,to drink,,general,,,,,
乗る,のる,noru,"to take, to ride",,general,,,,,
歯,は,ha,teeth,,general,,,,,
,パーテイー,paateii,party,,general,,,,,
,はい,hai,yes,,general,,,,,
,〜はい,~hai,cups of ~,,general,,,,,
灰皿,はいざら,haizara,ashtray,,general,,,,,
入る,はいる,hairu,to enter,,general,,,,,
葉書,はがき,hagaki,postcard,,general,,,,,
履く,はく,haku,to put on shoes,,general,,,,,
箱,はこ,hako,box,,general,,,,,
橋,はし,hashi,bridge,,general,,,,,
箸,はし,hashi,chopsticks,,general,,,,,
始まる,はじまる,hajimaru,"to begin, to start",,general,,,,,
始め,はじめ,hajime,"start, the beginning",,general,,,,,
初めて,はじめて,hajimete,for the first time,,general,,,,,
走る,はしる,hashiru,to run,,general,,,,,
,バス,basu,bus,,general,,,,,
,バター,bataa,butter,,general,,,,,
二十歳,はたち,hatachi,20 years old,,general,,,,,
働く,はたらく,hataraku,to work,,general,,,,,
八,はち,hachi,eight,,general,,,,,
二十日,はつか,hatsuka,"the 20th of the month, 20 days",,general,,,,,
花,はな,hana,flower,,general,,,,,
鼻,はな,hana,nose,,general,,,,,
話,はなし,hanashi,"conversation, tale",,general,,,,,
話す,はなす,hanasu,"to talk, to speak, to tell",,general,,,,,
母,はは,haha,my mother,,general,,,,,
早い,はやい,hayai,early,,general,,,,,
速い,はやい,hayai,"fast, quick",,general,,,,,
春,はる,haru,spring,,general,,,,,
張る,はる,haru,"to put something on, to stick",,general,,,,,
晴れる,はれる,hareru,to clear up,,general,,,,,
〜半,〜はん,~han,Half~,,general,,,,,
晩,ばん,ban,evening,,general,,,,,
~番,〜ばん,~ban,"No.~, ranking",,general,,,,,
,パン,pan,bread,,general,,,,,
,ハンカチ,hankachi,handkerchief,,general,,,,,
番号,ばんごう,bangou,number,,general,,,,,
晩ご飯,ばんごはん,bangohan,dinner,,general,,,,,
半分,はんぶん,hanbun,half,,general,,,,,
東,ひがし,higashi,east,,general,,,,,
〜匹,〜ひき,~hiki,counter for animals,,general,,,,,
引く,ひく,hiku,to pull,,general,,,,,
弾く,ひく,hiku,to play (an instrument),,general,,,,,
低い,ひくい,hikui,low,,general,,,,,
飛行機,ひこうき,hikouki,plane,,general,,,,,
左,ひだり,hidari,left,,general,,,,,
人,ひと,hito,person,,general,,,,,
一つ,ひとつ,hitotsu,one,,general,,,,,
一月,ひとつき,hitotsuki,one month,,general,,,,,
一人,ひとり,hitori,one person,,general,,,,,
暇,ひま,hima,"free time, leisure",,general,,,,,
百,ひゃく,hyaku,hundred,,general,,,,,
病院,びょういん,byouin,hospital,,general,,,,,
病気,びょうき,byouki,"ill, sick",,general,,,,,
平仮名,ひらがな,hiragana,hiragana characters,,general,,,,,
昼,ひる,hiru,noon,,general,,,,,
昼ご飯,ひるごはん,hirugohan,lunch,,general,,,,,
広い,ひろい,hiroi,"wide, spacious",,general,,,,,
,フィルム,firumu,film,,general,,,,,
封筒,ふうとう,fuutou,envelope,,general,,,,,
,プール,puuru,pool,,general,,,,,
,フォーク,fooku,fork,,general,,,,,
吹く,ふく,fuku,to blow (wind),,general,,,,,
服,ふく,fuku,clothes,,general,,,,,
二つ,ふたつ,futatsu,two,,general,,,,,
豚肉,ぶたにく,butaniku,pork,,general,,,,,
二人,ふたり,futari,two people,,general,,,,,
二日,ふつか,futsuka,"2nd day of the month, 2 days",,general,,,,,
太い,ふとい,futoi,"thick, fat",,general,,,,,
降る,ふる,furu,"to fall (rain, snow)",,general,,,,,
古い,ふるい,furui,old,,general,,,,,
お風呂,おふろ,ofuro,bath,,general,,,,,
〜分,〜ふん,~fun,~minutes,,general,,,,,
,ページ,peeji,page,,general,,,,,
下手,へた,heta,not good at something,,general,,,,,
,ベッド,beddo,bed,,general,,,,,
部屋,へや,heya,room,,general,,,,,
辺,へん,hen,"side, part, area",,general,,,,,
,ぺん,pen,pen,,general,,,,,
勉強,べんきょう,benkyou,to study,,general,,,,,
便利,べんり,benri,convenient,,general,,,,,
方,ほう,hou,~より〜のほうが〜,,general,,,,,
帽子,ぼうし,boushi,hat,,general,,,,,
,ボールペン,boorupen,ballpen,,general,,,,,
他,ほか,hoka,"another, other",,general,,,,,
,ポケット,poketto,pocket,,general,,,,,
欲しい,ほしい,hoshii,to want something,,general,,,,,
細い,ほそい,hosoi,"thin, fine",,general,,,,,
,ボタン,botan,button,,general,,,,,
,ホテル,hoteru,hotel,,general,,,,,
本,ほん,hon,book,,general,,,,,
〜本,~ほん,~hon,counter for long objects,,general,,,,,
本棚,ほんだな,hondana,bookshelf,,general,,,,,
本当に,ほんとうに,hontouni,really,,general,,,,,
〜枚,〜まい,~mai,counter for thin objects,,general,,,,,
毎朝,まいあさ,maiasa,every morning,,general,,,,,
毎月,まいつき/まいげつ,maitsuki/maigetsu,every month,,general,,,,,
毎週,まいしゅう,maishuu,every week,,general,,,,,
毎日,まいにち,mainichi,every day,,general,,,,,
毎年,まいとし/まいねん,maitoshi/mainen,every year,,general,,,,,
毎晩,まいばん,maiban,every evening,,general,,,,,
前,まえ,mae,front,,general,,,,,
〜前,〜まえ,~mae,"before, in front of",,general,,,,,
曲がる,まがる,magaru,to turn,,general,,,,,
不味い,まずい,mazui,bad tasting,,general,,,,,
,また,mata,"also, again",,general,,,,,
,まだ,mada,not yet,,general,,,,,
町,まち,machi,"city, town",,general,,,,,
待つ,まつ,matsu,to wait,,general,,,,,
真直ぐに,まっすぐに,massugu ni,straight ahead,,general,,,,,
,マッチ,machi,matches,,general,,,,,
窓,まど,mado,window,,general,,,,,
丸い,まるい,marui,round,,general,,,,,
万,まん,man,ten thousand,,general,,,,,
万年筆,まんねんひつ,mannenhitsu,fountain pen,,general,,,,,
磨く,みがく,migaku,"to polish, to brush",,general,,,,,
右,みぎ,migi,right,,general,,,,,
短い,みじかい,mijikai,short,,general,,,,,
お水,おみず,omizu,water,,general,,,,,
店,みせ,mise,shop,,general,,,,,
見せる,みせる,miseru,"to look, to watch",,general,,,,,
道,みち,michi,road,,general,,,,,
三日,みっか,mikka,"3rd day of a month, 3 days",,general,,,,,
三つ,みっつ,mittsu,three,,general,,,,,
皆さん,みなさん,minsan,everyone,,general,,,,,
南,みなみ,minami,south,,general,,,,,
耳,みみ,mimi,ear,,general,,,,,
見る,みる,miru,"to see, to watch",,general,,,,,
皆,みんな,minna,"all, everyone",,general,,,,,
六日,むいか,muika,"the 6th day of a month, 6 days",,general,,,,,
向こう,むこう,mukou,over there,,general,,,,,
難しい,むずかしい,muzukashii,difficult,,general,,,,,
六つ,むっつ,muttsu,six,,general,,,,,
目,め,me,eye,,general,,,,,
,メートル,meetoru,meter,,general,,,,,
,めがね,megane,a pair of glasses,,general,,,,,
,もう,mou,"already, yet",,general,,,,,
,もう,mou,(one) more,,general,,,,,
木曜日,もくようび,mokuyoubi,Thursday,,general,,,,,
,もしもし,moshimoshi,hello on the phone,,general,,,,,
勿論,もちろん,mochiron,of course,,general,,,,,
持つ,もつ,motsu,"to have, to own",,general,,,,,
,もっと,motto,more,,general,,,,,
物,もの,mono,thing,,general,,,,,
門,もん,mon,gate,,general,,,,,
問題,もんだい,mondai,"problem, question",,general,,,,,
〜屋,〜や,~ya,shop. store,,general,,,,,
八百屋,やおや,yaoya,vegetable shop,,general,,,,,
野菜,やさい,yasai,vegetable,,general,,,,,
優しい,やさしい,yasashii,gentle,,general,,,,,
安い,やすい,yasui,"cheap, inexpensive",,general,,,,,
休み,やすみ,yasumi,"holiday, vacation",,general,,,,,
休む,やすむ,yasumu,to rest,,general,,,,,
八つ,やっつ,yattsu,eight,,general,,,,,
山,やま,yama,mountain,,general,,,,,
八日,ようか,youka,"8th day of the month, 8 days",,general,,,,,
洋服,ようふく,youfuku,western style clothing,,general,,,,,
,よく,yoku,often,,general,,,,,
横,よこ,yoko,horizontal,,general,,,,,
四日,よっか,yokka,"4th day of the month, 4 days",,general,,,,,
四つ,よっつ,yottsu,four,,general,,,,,
呼ぶ,よぶ,yobu,to call,,general,,,,,
読む,よむ,yomu,to read,,general,,,,,
夜,よる,yoru,night,,general,,,,,
来月,らいげつ,raigetsu,next month,,general,,,,,
来週,らいしゅう,raishuu,next week,,general,,,,,
来年,らいねん,rainen,next year,,general,,,,,
,ラジオ,rajio,radio,,general,,,,,
立派,りっぱ,rippa,splendid,,general,,,,,
留学生,りゅうがくせい,ryuugakusei,foreign student,,general,,,,,
両親,りょうしん,ryoushin,parents,,general,,,,,
料理,りょうり,ryouri,cooking,,general,,,,,
旅行,りょこう,ryokou,travel,,general,,,,,
冷蔵庫,れいぞうこ,reizouko,refrigerator,,general,,,,,
,レコード,rekoodo,record,,general,,,,,
,レストラン,resutoran,restaurant,,general,,,,,
練習,れんしゅう,renshuu,practice,,general,,,,,
六,ろく,roku,six,,general,,,,,
,ワイシャツ,waishatsu,white shirt,,general,,,,,
若い,わかい,wakai,young,,general,,,,,
分かる,わかる,wakaru,"to know, to understand",,general,,,,,
忘れる,わすれる,wasureru,to forget,,general,,,,,
私,わたし,watashi,"me, I",,general,,,,,
渡す,わたす,watasu,to hand over,,general,,,,,
渡る,わたる,wataru,to cross,,general,,,,,
悪い,わるい,warui,bad,,general,,,,,